echelle;categorie;type;annee;valeur;sau_ha;ugb;etp;pbs;otefdd_coef17
Amikuze;Otex;bovins lait;2010;27;1035,07;2228,684;47,7780704;2897,02587;4500
Amikuze;Otex;combinaisons de granivores (porcins, volailles);2010;27;938,21;2117,184;41,2567369;3321,67074;5374
Amikuze;Otex;fruits ou autres cultures permanentes;2010;-999;-999;-999;-999;-999;3900
Amikuze;Otex;autres grandes cultures;2010;33;449,87;-999;16,9612445;542,11144;1600
Amikuze;Otex;légumes ou champignons;2010;-999;-999;0;-999;-999;2800
Amikuze;Otex;équidés et/ou autres herbivores;2010;11;208,53;478,386;11,2980349;479,3515;4840
Amikuze;Otex;céréales et/ou oléoprotéagineux;2010;57;1639,9;25,252;38,7130146;1545,80817;1500
Amikuze;Otex;volailles;2010;25;246,96;1007,182;24,978181;2504,05181;5200
Amikuze;Otex;fleurs et/ou horticulture diverse;2010;-999;-999;0;-999;-999;2900
Amikuze;Otex;porcins;2010;17;276,93;3608,825;29,8593969;4034,88334;5100
Amikuze;Otex;polyculture et/ou polyélevage;2010;91;3412,12;3927,598;112,885915;6420,76488;6184
Amikuze;Otex;bovins viande;2010;157;6059,73;10541,939;200,9886516;9453,22732;4600
Amikuze;Otex;bovins mixtes;2010;9;350,6;706,5;13,3992383;853,33355;4700
Amikuze;Otex;ovins ou caprins;2010;183;7430,03;14172,275;291,0895318;15392,78682;4813
Amikuze;Otex;fleurs et/ou horticulture diverse;2020;4;9,66;-999;7,77;365,55976;2900
Amikuze;Otex;bovins lait;2020;14;720,86;1490,238;20,5088889;1814,62047;4500
Amikuze;Otex;bovins viande;2020;120;5493,6;8951,947;150,0163492;8012,01827;4600
Amikuze;Otex;céréales et/ou oléoprotéagineux;2020;72;2156,95;68,596;43,208254;1851,61484;1500
Amikuze;Otex;ovins ou caprins;2020;163;6924,25;12609,641;235,5280159;13869,5154;4813
Amikuze;Otex;polyculture et/ou polyélevage;2020;73;3651,85;3765,148;97,0329365;6379,17414;6184
Amikuze;Otex;bovins mixtes;2020;5;169,46;365,934;5,75;433,04067;4700
Amikuze;Otex;volailles;2020;30;708,44;2574,732;42,9116667;5125,80318;5200
Amikuze;Otex;équidés et/ou autres herbivores;2020;8;140,51;176,22;4,25;219,65411;4840
Amikuze;Otex;porcins;2020;11;237,5;2890,37;23,9527778;2933,05543;5100
Amikuze;Otex;autres grandes cultures;2020;31;449,21;6,916;12,25;84,98386;1600
Amikuze;Otex;fruits ou autres cultures permanentes;2020;5;9,78;-999;2;75,06212;3900
Amikuze;Otex;combinaisons de granivores (porcins, volailles);2020;12;643,59;1552,752;19,035;1876,10347;5374
Amikuze;Otex;légumes ou champignons;2020;4;19,8;-999;7,4016667;171,8218;2800
ca_du_pays_basque;Otex;fruits ou autres cultures permanentes;2010;38;529,59;99,942;59,1994607;4603,65531;3900
ca_du_pays_basque;Otex;équidés et/ou autres herbivores;2010;314;6277,85;10852,945;303,3535918;11468,07369;4840
ca_du_pays_basque;Otex;fleurs et/ou horticulture diverse;2010;24;182,02;42,32;94,2120552;11363,26049;2900
ca_du_pays_basque;Otex;viticulture;2010;33;504,82;362,003;53,2072599;3534,60099;3500
ca_du_pays_basque;Otex;bovins mixtes;2010;52;2097,37;3801,135;76,9258545;4462,91017;4700
ca_du_pays_basque;Otex;porcins;2010;38;841,82;8080,772;72,0200592;9638,13714;5100
ca_du_pays_basque;Otex;non classées;2010;-999;-999;0;-999;-999;9000
ca_du_pays_basque;Otex;autres grandes cultures;2010;263;3052,32;85,564;172,3560122;1027,30802;1600
ca_du_pays_basque;Otex;volailles;2010;106;1697,44;6742,997;134,2008462;19152,57791;5200
ca_du_pays_basque;Otex;combinaisons de granivores (porcins, volailles);2010;92;2544,78;6371,663;129,2668536;8514,357384;5374
ca_du_pays_basque;Otex;polyculture et/ou polyélevage;2010;344;9333,97;11452,277;426,0436425;20934,36553;6184
ca_du_pays_basque;Otex;légumes ou champignons;2010;24;183,91;41,366;45,5164893;1678,55271;2800
ca_du_pays_basque;Otex;bovins lait;2010;239;8940,92;17099,683;401,7387397;22791,26552;4500
ca_du_pays_basque;Otex;ovins ou caprins;2010;1926;61458,77;127794,018;2910,9949328;140123,773192;4813
ca_du_pays_basque;Otex;céréales et/ou oléoprotéagineux;2010;185;4486,12;205,854;117,3103146;4195,39631;1500
ca_du_pays_basque;Otex;bovins viande;2010;775;22262,79;32878,511;835,7172143;27879,08;4600
ca_du_pays_basque;Otex;combinaisons de granivores (porcins, volailles);2020;40;1559,28;3530,12;76,0201587;4756,02999;5374
ca_du_pays_basque;Otex;légumes ou champignons;2020;49;458,27;199,707;87,797381;4712,4660578;2800
ca_du_pays_basque;Otex;bovins lait;2020;122;5465,65;10292,159;202,2447619;13611,63813;4500
ca_du_pays_basque;Otex;volailles;2020;92;2344,23;10148,197;151,1905556;20731,11546;5200
ca_du_pays_basque;Otex;polyculture et/ou polyélevage;2020;234;9913,26;10305,395;366,7134921;20546,72595;6184
ca_du_pays_basque;Otex;équidés et/ou autres herbivores;2020;240;5698,01;10514,077;258,5550794;11226,43684;4840
ca_du_pays_basque;Otex;porcins;2020;33;605,49;8794,008;72,5604762;7677,83255;5100
ca_du_pays_basque;Otex;non classées;2020;3;14,09;0;0,625;0;9000
ca_du_pays_basque;Otex;autres grandes cultures;2020;310;3199,82;31,612;207,0462698;940,3074;1600
ca_du_pays_basque;Otex;viticulture;2020;32;506,56;342,942;66,7219048;3952,46869;3500
ca_du_pays_basque;Otex;bovins mixtes;2020;50;1770,97;3472,82;64,5031746;3841,32811;4700
ca_du_pays_basque;Otex;fruits ou autres cultures permanentes;2020;46;291,46;59,466;57,607619;2313,48691;3900
ca_du_pays_basque;Otex;bovins viande;2020;627;20899,18;29972,797;679,1549206;25492,09741;4600
ca_du_pays_basque;Otex;ovins ou caprins;2020;1664;60980,39;122930,782;2455,8676984;133275,3173;4813
ca_du_pays_basque;Otex;céréales et/ou oléoprotéagineux;2020;198;5432,36;278,106;127,6703968;4704,595;1500
ca_du_pays_basque;Otex;fleurs et/ou horticulture diverse;2020;37;412,96;121,834;135,9430159;6781,3395044;2900
Cote Basque Adour;Otex;légumes ou champignons;2010;8;12,18;1,276;18,6290029;500,34144;2800
Cote Basque Adour;Otex;céréales et/ou oléoprotéagineux;2010;9;81,53;1,102;4,025546;92,25845;1500
Cote Basque Adour;Otex;fruits ou autres cultures permanentes;2010;3;31,14;0;2,7620087;156,3382;3900
Cote Basque Adour;Otex;bovins viande;2010;-999;-999;-999;-999;-999;4600
Cote Basque Adour;Otex;ovins ou caprins;2010;-999;-999;-999;-999;-999;4813
Cote Basque Adour;Otex;combinaisons de granivores (porcins, volailles);2010;-999;-999;-999;-999;-999;5374
Cote Basque Adour;Otex;fleurs et/ou horticulture diverse;2010;7;30,63;-999;34,6995997;1193,29225;2900
Cote Basque Adour;Otex;bovins mixtes;2010;-999;-999;-999;-999;-999;4700
Cote Basque Adour;Otex;équidés et/ou autres herbivores;2010;4;119,24;164,088;21,4602002;187,82051;4840
Cote Basque Adour;Otex;polyculture et/ou polyélevage;2010;7;51,32;34,295;11,6280932;247,89094;6184
Cote Basque Adour;Otex;autres grandes cultures;2010;3;-999;-999;3,75;-999;1600
Cote Basque Adour;Otex;bovins lait;2010;-999;-999;-999;-999;-999;4500
Cote Basque Adour;Otex;volailles;2010;-999;-999;-999;-999;-999;5200
Cote Basque Adour;Otex;fleurs et/ou horticulture diverse;2020;5;46,14;-999;34,305;1004,83937;2900
Cote Basque Adour;Otex;bovins mixtes;2020;-999;-999;-999;-999;-999;4700
Cote Basque Adour;Otex;ovins ou caprins;2020;-999;-999;-999;-999;-999;4813
Cote Basque Adour;Otex;fruits ou autres cultures permanentes;2020;-999;-999;0;-999;-999;3900
Cote Basque Adour;Otex;équidés et/ou autres herbivores;2020;-999;-999;-999;-999;-999;4840
Cote Basque Adour;Otex;autres grandes cultures;2020;-999;-999;0;-999;-999;1600
Cote Basque Adour;Otex;non classées;2020;-999;-999;0;-999;-999;9000
Cote Basque Adour;Otex;polyculture et/ou polyélevage;2020;4;-999;-999;2;64,25761;6184
Cote Basque Adour;Otex;légumes ou champignons;2020;4;-999;-999;7,34;333,79278;2800
Cote Basque Adour;Otex;céréales et/ou oléoprotéagineux;2020;7;52,04;-999;3,0088889;36,555;1500
Cote Basque Adour;Otex;bovins viande;2020;-999;-999;-999;-999;-999;4600
Errobi;Otex;bovins lait;2010;18;567,33;1309,406;29,7157217;1663,11283;4500
Errobi;Otex;volailles;2010;4;39,07;90,813;5,9166667;224,24702;5200
Errobi;Otex;bovins viande;2010;56;1085,61;1274,609;48,5992142;1081,20195;4600
Errobi;Otex;ovins ou caprins;2010;114;2530,22;5688,174;151,928859;6807,3779;4813
Errobi;Otex;légumes ou champignons;2010;-999;-999;-999;-999;-999;2800
Errobi;Otex;polyculture et/ou polyélevage;2010;33;633,56;638,444;41,5647744;1188,00618;6184
Errobi;Otex;fruits ou autres cultures permanentes;2010;3;32,96;-999;2,625;352,4052;3900
Errobi;Otex;bovins mixtes;2010;4;93,68;133,465;3,75;140,1167;4700
Errobi;Otex;combinaisons de granivores (porcins, volailles);2010;10;93,57;289,802;12,4821689;438,83635;5374
Errobi;Otex;autres grandes cultures;2010;86;435,93;-999;70,1143827;191,98356;1600
Errobi;Otex;fleurs et/ou horticulture diverse;2010;3;-999;0;4,25;92,71882;2900
Errobi;Otex;viticulture;2010;-999;-999;-999;-999;-999;3500
Errobi;Otex;céréales et/ou oléoprotéagineux;2010;25;459,79;8,147;11,1710335;358,27458;1500
Errobi;Otex;équidés et/ou autres herbivores;2010;58;942,61;1873,44;49,2849492;1981,17545;4840
Errobi;Otex;bovins viande;2020;36;926,88;1111,555;42,4576984;941,60358;4600
Errobi;Otex;équidés et/ou autres herbivores;2020;38;664,28;1428,62;30,8253968;1522,33017;4840
Errobi;Otex;bovins lait;2020;6;165,86;362,86;6,9;480,93324;4500
Errobi;Otex;ovins ou caprins;2020;96;2715,61;6729,746;134,6161111;7789,57792;4813
Errobi;Otex;volailles;2020;3;0;105,184;6,875;153,31256;5200
Errobi;Otex;légumes ou champignons;2020;7;50,83;-999;15,4094444;746,79794;2800
Errobi;Otex;porcins;2020;-999;-999;-999;-999;-999;5100
Errobi;Otex;céréales et/ou oléoprotéagineux;2020;15;421,83;-999;7,6916667;319,60603;1500
Errobi;Otex;autres grandes cultures;2020;79;433,41;2,764;75,9207937;263,95923;1600
Errobi;Otex;fleurs et/ou horticulture diverse;2020;4;-999;-999;7,8746032;-999;2900
Errobi;Otex;bovins mixtes;2020;-999;-999;-999;-999;-999;4700
Errobi;Otex;combinaisons de granivores (porcins, volailles);2020;-999;-999;-999;-999;-999;5374
Errobi;Otex;polyculture et/ou polyélevage;2020;28;701,82;766,86;54,0287302;1749,88216;6184
Errobi;Otex;fruits ou autres cultures permanentes;2020;6;45,35;0;4,1055556;344,83439;3900
Garazi Baigorri;Otex;autres grandes cultures;2010;22;276,65;-999;8,672671;21,91636;1600
Garazi Baigorri;Otex;bovins lait;2010;33;1253,83;2263,824;56,9570597;2987,46603;4500
Garazi Baigorri;Otex;ovins ou caprins;2010;564;15766,34;37278,512;818,7336939;40700,38948;4813
Garazi Baigorri;Otex;viticulture;2010;29;494,24;361,933;51,4541485;3511,68086;3500
Garazi Baigorri;Otex;porcins;2010;10;191,92;1561,33;22,875;2794,01725;5100
Garazi Baigorri;Otex;fruits ou autres cultures permanentes;2010;5;64,78;-999;5,5065414;763,90069;3900
Garazi Baigorri;Otex;équidés et/ou autres herbivores;2010;63;1576,22;2553,104;64,7368996;2726,23467;4840
Garazi Baigorri;Otex;combinaisons de granivores (porcins, volailles);2010;-999;-999;-999;-999;-999;5374
Garazi Baigorri;Otex;polyculture et/ou polyélevage;2010;35;574,06;854,196;44,4162155;1849,58068;6184
Garazi Baigorri;Otex;céréales et/ou oléoprotéagineux;2010;-999;-999;0;-999;-999;1500
Garazi Baigorri;Otex;bovins viande;2010;103;2786,05;4189,493;115,8256051;3279,43274;4600
Garazi Baigorri;Otex;volailles;2010;4;90,04;-999;11,9583333;1486,51921;5200
Garazi Baigorri;Otex;fleurs et/ou horticulture diverse;2010;-999;-999;0;-999;-999;2900
Garazi Baigorri;Otex;bovins mixtes;2010;-999;-999;-999;-999;-999;4700
Garazi Baigorri;Otex;non classées;2010;-999;0;0;-999;-999;9000
Garazi Baigorri;Otex;fleurs et/ou horticulture diverse;2020;-999;-999;0;-999;-999;2900
Garazi Baigorri;Otex;volailles;2020;4;87,24;1440,62;9,8309524;1900,24728;5200
Garazi Baigorri;Otex;bovins mixtes;2020;7;337,5;835,79;13,375;991,01283;4700
Garazi Baigorri;Otex;bovins lait;2020;23;965,05;1880,922;39,8340476;2465,17912;4500
Garazi Baigorri;Otex;céréales et/ou oléoprotéagineux;2020;3;59,91;0;1,375;-999;1500
Garazi Baigorri;Otex;autres grandes cultures;2020;38;363,89;0;17,3435714;13,57965;1600
Garazi Baigorri;Otex;porcins;2020;10;133,58;3350,758;32,4571429;2851,8543;5100
Garazi Baigorri;Otex;polyculture et/ou polyélevage;2020;15;456;669,681;23,2144444;1521,2068;6184
Garazi Baigorri;Otex;légumes ou champignons;2020;-999;-999;0;-999;-999;2800
Garazi Baigorri;Otex;viticulture;2020;29;449,41;276,382;61,5429365;3684,75774;3500
Garazi Baigorri;Otex;bovins viande;2020;98;2809,48;4269,039;110,1266667;3414,33146;4600
Garazi Baigorri;Otex;fruits ou autres cultures permanentes;2020;6;50,82;-999;7,0542857;333,98013;3900
Garazi Baigorri;Otex;ovins ou caprins;2020;484;15086,3;35221,391;682,0045238;37821,25494;4813
Garazi Baigorri;Otex;équidés et/ou autres herbivores;2020;46;1230,92;2443,186;55,1261111;2477,98797;4840
Garazi Baigorri;Otex;combinaisons de granivores (porcins, volailles);2020;4;81,07;122,444;5,1694444;151,31119;5374
Iholdi Oztibarre;Otex;porcins;2010;-999;-999;-999;-999;-999;5100
Iholdi Oztibarre;Otex;combinaisons de granivores (porcins, volailles);2010;6;164,61;819,136;10,25;760,90205;5374
Iholdi Oztibarre;Otex;bovins lait;2010;13;324,13;727,691;17,375;928,75;4500
Iholdi Oztibarre;Otex;bovins viande;2010;62;1801,12;2124,367;74,176241;1730,13054;4600
Iholdi Oztibarre;Otex;bovins mixtes;2010;4;153,2;238,57;4;280,752;4700
Iholdi Oztibarre;Otex;ovins ou caprins;2010;252;9765,24;20464,442;449,5967261;22095,41511;4813
Iholdi Oztibarre;Otex;volailles;2010;9;168,83;967,477;15,7058961;2844,78778;5200
Iholdi Oztibarre;Otex;céréales et/ou oléoprotéagineux;2010;-999;-999;0;-999;-999;1500
Iholdi Oztibarre;Otex;autres grandes cultures;2010;9;107,06;-999;4,125;14,80559;1600
Iholdi Oztibarre;Otex;équidés et/ou autres herbivores;2010;15;471,47;910,176;17,415284;953,34448;4840
Iholdi Oztibarre;Otex;polyculture et/ou polyélevage;2010;14;341,54;1049,57;28,07369;1371,18405;6184
Iholdi Oztibarre;Otex;fleurs et/ou horticulture diverse;2020;-999;-999;-999;-999;-999;2900
Iholdi Oztibarre;Otex;combinaisons de granivores (porcins, volailles);2020;4;203,71;469,736;9,625;517,27219;5374
Iholdi Oztibarre;Otex;polyculture et/ou polyélevage;2020;7;163,74;210,99;8,75;363,048;6184
Iholdi Oztibarre;Otex;autres grandes cultures;2020;11;117,69;0;6,4384921;4,05751;1600
Iholdi Oztibarre;Otex;bovins viande;2020;52;1408,81;2441,099;50,3249206;2064,66905;4600
Iholdi Oztibarre;Otex;ovins ou caprins;2020;232;10128,11;20999,774;372,4611905;22281,37709;4813
Iholdi Oztibarre;Otex;porcins;2020;-999;-999;-999;-999;-999;5100
Iholdi Oztibarre;Otex;fruits ou autres cultures permanentes;2020;-999;-999;0;-999;-999;3900
Iholdi Oztibarre;Otex;bovins mixtes;2020;3;159,15;259,94;6;243,9273;4700
Iholdi Oztibarre;Otex;viticulture;2020;-999;-999;-999;-999;-999;3500
Iholdi Oztibarre;Otex;équidés et/ou autres herbivores;2020;20;625,5;1452,99;24,75;1631,55905;4840
Iholdi Oztibarre;Otex;volailles;2020;5;57,42;434,414;5,625;1307,35078;5200
Iholdi Oztibarre;Otex;céréales et/ou oléoprotéagineux;2020;-999;-999;0;-999;-999;1500
Iholdi Oztibarre;Otex;légumes ou champignons;2020;4;53,25;0;9,925;293,38772;2800
Iholdi Oztibarre;Otex;bovins lait;2020;9;348,14;560,71;9,6936508;745,79755;4500
Nive Adour;Otex;bovins mixtes;2010;3;30,22;75,978;2,875;83,15419;4700
Nive Adour;Otex;porcins;2010;-999;-999;-999;-999;-999;5100
Nive Adour;Otex;bovins viande;2010;25;465,6;733,605;20,5191048;595,72839;4600
Nive Adour;Otex;combinaisons de granivores (porcins, volailles);2010;3;58,23;-999;4,25;136,02155;5374
Nive Adour;Otex;fruits ou autres cultures permanentes;2010;-999;-999;-999;-999;-999;3900
Nive Adour;Otex;équidés et/ou autres herbivores;2010;11;134,03;133,21;6,3640633;146,0352;4840
Nive Adour;Otex;légumes ou champignons;2010;5;70,89;-999;8,5060044;526,49618;2800
Nive Adour;Otex;bovins lait;2010;14;397,54;661,973;15,859099;932,14397;4500
Nive Adour;Otex;volailles;2010;7;91,03;326,95;4,772402;699,10129;5200
Nive Adour;Otex;ovins ou caprins;2010;12;144,14;203,109;7,0655022;235,281;4813
Nive Adour;Otex;céréales et/ou oléoprotéagineux;2010;6;136,01;-999;2,7631004;128,34574;1500
Nive Adour;Otex;autres grandes cultures;2010;13;135,06;0;4;17,76522;1600
Nive Adour;Otex;polyculture et/ou polyélevage;2010;10;88,03;105,868;6,75;265,88982;6184
Nive Adour;Otex;autres grandes cultures;2020;15;169,51;-999;8,2621429;73,52197;1600
Nive Adour;Otex;bovins viande;2020;18;489,38;539,355;14,5063492;456,0771;4600
Nive Adour;Otex;volailles;2020;5;121,9;395,94;7,0190476;630,54012;5200
Nive Adour;Otex;équidés et/ou autres herbivores;2020;6;55,15;42,88;4;45,45935;4840
Nive Adour;Otex;céréales et/ou oléoprotéagineux;2020;7;78,33;0;7,625;64,8723;1500
Nive Adour;Otex;bovins mixtes;2020;3;69,51;58,54;3,125;73,9633;4700
Nive Adour;Otex;porcins;2020;-999;-999;-999;-999;-999;5100
Nive Adour;Otex;fleurs et/ou horticulture diverse;2020;4;33,23;0;45,1933333;1272,10899;2900
Nive Adour;Otex;fruits ou autres cultures permanentes;2020;-999;-999;0;-999;-999;3900
Nive Adour;Otex;bovins lait;2020;4;183,65;324;5,7516667;446,67965;4500
Nive Adour;Otex;ovins ou caprins;2020;16;266,64;287,66;13,0634921;335,16508;4813
Nive Adour;Otex;combinaisons de granivores (porcins, volailles);2020;-999;-999;-999;-999;-999;5374
Nive Adour;Otex;polyculture et/ou polyélevage;2020;6;18,89;-999;7,5666667;272,19719;6184
Nive Adour;Otex;légumes ou champignons;2020;5;-999;-999;4,5;186,2255778;2800
Pays de Bidache;Otex;bovins viande;2010;43;1614,73;2174,933;45,5009854;2024,58302;4600
Pays de Bidache;Otex;volailles;2010;26;671,17;2174,758;39,3316851;7557,025888;5200
Pays de Bidache;Otex;porcins;2010;-999;-999;-999;-999;-999;5100
Pays de Bidache;Otex;fruits ou autres cultures permanentes;2010;13;227,55;1,092;24,653388;1768,52471;3900
Pays de Bidache;Otex;bovins mixtes;2010;3;178,58;318,261;6,25;436,11426;4700
Pays de Bidache;Otex;ovins ou caprins;2010;11;523,85;967,023;15,4846078;1128,84333;4813
Pays de Bidache;Otex;combinaisons de granivores (porcins, volailles);2010;14;921,45;1876,869;25,849345;2489,478774;5374
Pays de Bidache;Otex;polyculture et/ou polyélevage;2010;57;2458,71;2540,445;74,1775929;5339,20505;6184
Pays de Bidache;Otex;autres grandes cultures;2010;7;169,97;-999;2,875;8,23519;1600
Pays de Bidache;Otex;céréales et/ou oléoprotéagineux;2010;42;1308,87;125,407;37,7718996;1376,73778;1500
Pays de Bidache;Otex;équidés et/ou autres herbivores;2010;11;128,41;124,204;10,4845342;143,603;4840
Pays de Bidache;Otex;bovins lait;2010;26;1303,88;2736,066;45,229259;3639,86912;4500
Pays de Bidache;Otex;fleurs et/ou horticulture diverse;2010;-999;-999;-999;-999;-999;2900
Pays de Bidache;Otex;ovins ou caprins;2020;11;590,72;992,124;13,4671429;1083,61177;4813
Pays de Bidache;Otex;polyculture et/ou polyélevage;2020;41;2639;2289,384;55,3066667;4772,53871;6184
Pays de Bidache;Otex;non classées;2020;-999;-999;0;-999;-999;9000
Pays de Bidache;Otex;bovins mixtes;2020;-999;-999;-999;-999;-999;4700
Pays de Bidache;Otex;équidés et/ou autres herbivores;2020;15;358,19;322,638;20,935;331,34233;4840
Pays de Bidache;Otex;volailles;2020;24;843,24;3547,752;37,025;7941,06265;5200
Pays de Bidache;Otex;bovins viande;2020;40;1762,82;2145,65;42,0390476;1882,75671;4600
Pays de Bidache;Otex;légumes ou champignons;2020;-999;-999;0;-999;-999;2800
Pays de Bidache;Otex;bovins lait;2020;12;801,32;1417,581;31,1039683;1994,38598;4500
Pays de Bidache;Otex;fruits ou autres cultures permanentes;2020;14;71,08;0;31,5410317;832,04411;3900
Pays de Bidache;Otex;combinaisons de granivores (porcins, volailles);2020;-999;-999;-999;-999;-999;5374
Pays de Bidache;Otex;céréales et/ou oléoprotéagineux;2020;45;1597,37;132,701;30,9274603;1509,01072;1500
Pays de Bidache;Otex;fleurs et/ou horticulture diverse;2020;4;-999;-999;7,5793651;391,80623;2900
Pays de Bidache;Otex;autres grandes cultures;2020;20;286,6;0;8,625;13,39173;1600
Pays d'Hasparren;Otex;céréales et/ou oléoprotéagineux;2010;8;153,61;-999;4,5;108,50412;1500
Pays d'Hasparren;Otex;fruits ou autres cultures permanentes;2010;4;38,69;-999;1,9390946;275,61415;3900
Pays d'Hasparren;Otex;porcins;2010;3;-999;828,987;6,1666667;684,57602;5100
Pays d'Hasparren;Otex;volailles;2010;14;222,38;853,267;16,5653676;1929,878146;5200
Pays d'Hasparren;Otex;fleurs et/ou horticulture diverse;2010;-999;-999;0;-999;-999;2900
Pays d'Hasparren;Otex;ovins ou caprins;2010;249;8003,18;16034,708;377,559359;17945,138112;4813
Pays d'Hasparren;Otex;polyculture et/ou polyélevage;2010;27;429,09;771,285;29,419214;1216,47295;6184
Pays d'Hasparren;Otex;viticulture;2010;-999;-999;0;-999;-999;3500
Pays d'Hasparren;Otex;bovins lait;2010;67;2596,48;4815,916;123,3270569;6496,14121;4500
Pays d'Hasparren;Otex;équidés et/ou autres herbivores;2010;42;838,43;1127,177;40,9628239;1254,63806;4840
Pays d'Hasparren;Otex;combinaisons de granivores (porcins, volailles);2010;12;164,32;808,308;14,3781114;827,27112;5374
Pays d'Hasparren;Otex;autres grandes cultures;2010;29;380,26;-999;19,9292166;48,2787;1600
Pays d'Hasparren;Otex;bovins viande;2010;99;2582,25;3716,1;112,6732978;2958,60824;4600
Pays d'Hasparren;Otex;légumes ou champignons;2010;4;49,65;-999;10,0070266;316,10363;2800
Pays d'Hasparren;Otex;bovins mixtes;2010;16;654,47;1150,98;25,3392031;1281,50974;4700
Pays d'Hasparren;Otex;fleurs et/ou horticulture diverse;2020;4;-999;-999;8,765;-999;2900
Pays d'Hasparren;Otex;combinaisons de granivores (porcins, volailles);2020;7;221,41;452,813;9,75;806,51366;5374
Pays d'Hasparren;Otex;légumes ou champignons;2020;8;100,7;55,65;19,8662698;1314,11407;2800
Pays d'Hasparren;Otex;ovins ou caprins;2020;232;8455,28;16568,311;302,1111905;18432,28577;4813
Pays d'Hasparren;Otex;bovins mixtes;2020;14;554,74;965,34;17,1281746;1012,13232;4700
Pays d'Hasparren;Otex;polyculture et/ou polyélevage;2020;21;730,27;1122,059;33,6188889;1533,04567;6184
Pays d'Hasparren;Otex;céréales et/ou oléoprotéagineux;2020;15;255,97;-999;6,4638889;172,14795;1500
Pays d'Hasparren;Otex;autres grandes cultures;2020;35;400,39;-999;13,0031746;17,79315;1600
Pays d'Hasparren;Otex;bovins lait;2020;35;1387,89;2863,414;59,0554762;3732,96962;4500
Pays d'Hasparren;Otex;fruits ou autres cultures permanentes;2020;4;46,76;0;2,75;95,78465;3900
Pays d'Hasparren;Otex;porcins;2020;-999;-999;-999;-999;-999;5100
Pays d'Hasparren;Otex;bovins viande;2020;90;2399,61;3171,107;75,6538889;2534,22944;4600
Pays d'Hasparren;Otex;équidés et/ou autres herbivores;2020;32;660,37;1320,458;29,375;1459,7812;4840
Pays d'Hasparren;Otex;volailles;2020;9;273,06;797,642;13,0527778;1453,18316;5200
Soule Xiberoa;Otex;fleurs et/ou horticulture diverse;2010;3;-999;-999;3,1592796;165,20201;2900
Soule Xiberoa;Otex;céréales et/ou oléoprotéagineux;2010;22;386,46;-999;8,6708515;317,32692;1500
Soule Xiberoa;Otex;autres grandes cultures;2010;23;342,33;0,546;14,9014592;39,35405;1600
Soule Xiberoa;Otex;légumes ou champignons;2010;3;10,82;0;2,875;109,63248;2800
Soule Xiberoa;Otex;bovins viande;2010;175;5136,31;6991,73;172,3565555;5748,64561;4600
Soule Xiberoa;Otex;équidés et/ou autres herbivores;2010;51;1196,91;1947,353;44,9284826;2000,78648;4840
Soule Xiberoa;Otex;combinaisons de granivores (porcins, volailles);2010;8;146,97;240,957;13,0262009;339,06005;5374
Soule Xiberoa;Otex;bovins lait;2010;9;456,05;774,757;16,1549496;1146,48703;4500
Soule Xiberoa;Otex;ovins ou caprins;2010;396;14784,29;26825,025;626,3923436;28517,64948;4813
Soule Xiberoa;Otex;porcins;2010;-999;-999;-999;-999;-999;5100
Soule Xiberoa;Otex;polyculture et/ou polyélevage;2010;37;866,16;1205,892;45,8138673;2325,1782;6184
Soule Xiberoa;Otex;non classées;2010;-999;-999;0;-999;-999;9000
Soule Xiberoa;Otex;fruits ou autres cultures permanentes;2010;3;72,12;-999;3,9186681;321,60773;3900
Soule Xiberoa;Otex;bovins mixtes;2010;3;164,74;311,652;4,3870087;316,80628;4700
Soule Xiberoa;Otex;volailles;2010;10;129,45;254,502;9,2123362;879,262076;5200
Soule Xiberoa;Otex;fruits ou autres cultures permanentes;2020;3;-999;-999;3,125;197,11864;3900
Soule Xiberoa;Otex;bovins lait;2020;6;328,72;544,65;10,9723016;790,86665;4500
Soule Xiberoa;Otex;céréales et/ou oléoprotéagineux;2020;20;504,65;60,64;15,4952381;482,05288;1500
Soule Xiberoa;Otex;volailles;2020;11;251,89;839,753;27,2911111;2200,16925;5200
Soule Xiberoa;Otex;légumes ou champignons;2020;-999;-999;0;-999;-999;2800
Soule Xiberoa;Otex;équidés et/ou autres herbivores;2020;41;1161,84;1577,765;49,8416667;1692,77947;4840
Soule Xiberoa;Otex;autres grandes cultures;2020;31;484,41;0;14,8207143;-999;1600
Soule Xiberoa;Otex;bovins mixtes;2020;8;232,02;403,36;9,5;394,63531;4700
Soule Xiberoa;Otex;fleurs et/ou horticulture diverse;2020;-999;-999;-999;-999;-999;2900
Soule Xiberoa;Otex;ovins ou caprins;2020;324;14264,95;24599,821;562,2784921;25984,31428;4813
Soule Xiberoa;Otex;bovins viande;2020;128;4578,47;5649,125;152,638254;4630,81321;4600
Soule Xiberoa;Otex;combinaisons de granivores (porcins, volailles);2020;5;166,55;294,98;19,6427778;517,47285;5374
Soule Xiberoa;Otex;polyculture et/ou polyélevage;2020;21;1055,67;1020,783;41,1857143;2625,02138;6184
Sud Pays Basque;Otex;céréales et/ou oléoprotéagineux;2010;14;283,96;16,253;9,194869;244,89419;1500
Sud Pays Basque;Otex;viticulture;2010;-999;-999;0;-999;-999;3500
Sud Pays Basque;Otex;fruits ou autres cultures permanentes;2010;3;8,04;0;-999;415,41066;3900
Sud Pays Basque;Otex;bovins lait;2010;31;1001,61;1563,126;48,3425234;2069,80121;4500
Sud Pays Basque;Otex;fleurs et/ou horticulture diverse;2010;6;35,54;-999;6,5644132;291,19485;2900
Sud Pays Basque;Otex;autres grandes cultures;2010;38;719,4;-999;27,027038;93,19317;1600
Sud Pays Basque;Otex;bovins mixtes;2010;7;341,73;559,186;12,2630678;707,05114;4700
Sud Pays Basque;Otex;ovins ou caprins;2010;143;2486,86;6080,9;172,0609761;7205,15102;4813
Sud Pays Basque;Otex;légumes ou champignons;2010;-999;-999;0;-999;-999;2800
Sud Pays Basque;Otex;bovins viande;2010;54;727,59;1124,575;44,7025588;1002,79359;4600
Sud Pays Basque;Otex;équidés et/ou autres herbivores;2010;48;662;1541,807;36,41832;1595,08434;4840
Sud Pays Basque;Otex;porcins;2010;-999;-999;-999;-999;-999;5100
Sud Pays Basque;Otex;combinaisons de granivores (porcins, volailles);2010;9;17,75;35,325;5,2742906;44,70038;5374
Sud Pays Basque;Otex;polyculture et/ou polyélevage;2010;33;479,38;324,684;31,3142804;710,19278;6184
Sud Pays Basque;Otex;volailles;2010;5;36,05;55,19;4,5099782;-999;5200
Sud Pays Basque;Otex;légumes ou champignons;2020;13;98,02;108,88;18,98;910,92572;2800
Sud Pays Basque;Otex;autres grandes cultures;2020;48;481,33;-999;41,0090476;156,68747;1600
Sud Pays Basque;Otex;volailles;2020;-999;-999;-999;-999;-999;5200
Sud Pays Basque;Otex;ovins ou caprins;2020;104;2524,33;4890,034;138,3375397;5637,22645;4813
Sud Pays Basque;Otex;bovins lait;2020;13;564,16;847,784;18,4247619;1140,20585;4500
Sud Pays Basque;Otex;bovins viande;2020;44;1027,31;1688,92;41,266746;1551,23525;4600
Sud Pays Basque;Otex;combinaisons de granivores (porcins, volailles);2020;3;18,88;43,805;2,5952381;41,29328;5374
Sud Pays Basque;Otex;bovins mixtes;2020;6;126,96;313,854;6,375;350,76681;4700
Sud Pays Basque;Otex;non classées;2020;-999;-999;0;-999;-999;9000
Sud Pays Basque;Otex;viticulture;2020;-999;-999;0;-999;-999;3500
Sud Pays Basque;Otex;porcins;2020;4;67,76;188,59;4,7138889;121,47774;5100
Sud Pays Basque;Otex;polyculture et/ou polyélevage;2020;18;467,67;435,946;44,0094444;1266,35429;6184
Sud Pays Basque;Otex;céréales et/ou oléoprotéagineux;2020;12;252,52;-999;9,375;203,81391;1500
Sud Pays Basque;Otex;fruits ou autres cultures permanentes;2020;4;10,9;0;3,781746;115,9903;3900
Sud Pays Basque;Otex;équidés et/ou autres herbivores;2020;33;768,75;1714,82;37,1735714;1809,34069;4840
Sud Pays Basque;Otex;fleurs et/ou horticulture diverse;2020;8;37,42;-999;14,3751587;422,93812;2900